Metric,Value
Slope,0.05321978998708201
Intercept,-98.26139632948153
R-squared,0.2584057436848094
P-value,0.07610174317486865
Standard Error,0.027183721445050112
