Metric,Value
Slope,4.195118998433207e-05
Intercept,8.891947908715887
R-squared,9.879136668809954e-08
P-value,0.9991491506046564
Standard Error,0.038529568319472414
